año;sector;size;0101;0102;0103;0104;0105;0106;0107;0108;0109;0110;0111;0112;0113;0114;0115;0201;0202;0203;0204;0205;0206;0207;0301;0302;0303;0304;0305;0306;0307;0401;0402;0403;0404;0405;0406;0501;0502;0503;0504;0505;0506;0507;0601;0602;0603;0604;0605;0606;0607;0608;0609;0610;0701;0702;0703;0704;0705;0706;0707;0708;0709;0710;0711;0712;0713;0714;0801;0802;0803;0804;0805;0806;0807;0901;0902;0903;0904;0905;0906;0907;0908;0909;0910;0911;0912;0913;0914;0916;0918;0919;0920;0921;0922;0923;0924;0925;0927;0928;1001;1002;1003;1004;1005;1006;1101;1102;1103;1104;1105;1106;1107;1108;1109;1110;1111;1112;1113;1114;1115;1116;1201;1202;1203;1204;1205;1206;1207;1208;1209;1210;1211;1212;1213;1301;1302;1303;1304;1305;1306;1307;1308;1309;1310;1311;1312;1313;1314;1315;1316;1317;1318;1319;1320;1321;1322;1401;1402;1403;1404;1405;1406;1407;1408;1409;1410;1411;1412;1501;1503;1504;1507;1509;1601;1602;1603;1604;1701;1702;1703;1704;1705;1707;1708;1709;1801;1802;1803;1804;1805;1806;1807;1808;1809;1901;1902;1903;1904;1905;1906;1907;1908;1909;2001;2002;2003;2101;2102;2103;2104;2105;2106;2107;2201;2202;2203;2204;2301;2302;2401;2402;2403;9001;9003;9004
2019;Agricultura, ganadería, silvicultura y pesca;Grande empresa;26.425;;;;9.882;;;;;;;;;;;;;;;;;;;;;6.300;;;;;;;;;;72.943;;;;42.813;;;;7.510;;;;;;;;5.082;441.563;8.251;;5.021;;63.482;;;9.940;16.862;;33.627;;;;;;26.839;7.984;;;2.361.381;;6.078;;;9.284;452.160;;23.291;38.786;13.761;;;;298.819;;;5.647;5.358;;30.092;;16.404;5.083;147.795;6.537;;35.378;;;;;;10.440;;;;;;;;;;;;;;65.489;8.439;;26.420;131.868;;6.555;;;20.669;29.597;6.955;;35.982;;;;;;56.307;198.652;20.932;;;;18.708;;;;;;;;30.205;;;;;;;;;;;;;;;;9.083;;;;;;;458.744;154.290;50.951;86.346;10.930;6.302;;;48.056;;;;;;11.703;13.988;;;;;;;;;;;;;;;;;;;;;;;;;45.657;7.142;39.589;;13.755;;;
2019;Agricultura, ganadería, silvicultura y pesca;"Mediana empresa ""A""";14.039;;;;;;;;;;;;;;;;;;;;1.085;;1.271;1.429;;4.996;;;;1.273;;;1.082;;;33.214;1.213;1.069;1.878;1.821;;;3.895;1.057;;;;;;;;;175.064;5.489;1.217;10.672;;47.226;6.425;4.056;12.780;4.139;;21.926;;;5.240;;1.362;10.988;3.321;;;206.088;;5.351;2.988;;3.850;10.400;6.348;21.531;10.982;18.460;1.376;1.303;2.791;27.697;3.744;;4.903;4.808;;2.578;;;1.308;1.671;2.915;1.799;;1.753;;1.576;2.714;;1.380;;;;;3.625;;;;;;1.183;;;15.332;7.871;1.166;7.204;22.839;;11.518;10.896;;7.722;19.210;9.317;;7.875;1.459;1.155;14.393;;1.124;1.162;23.061;1.022;;;;1.161;5.054;;1.256;11.229;;;4.905;;;1.389;;;1.524;;;;;;;;;;;;;;;1.543;;;43.421;16.819;6.031;19.973;4.191;3.191;5.012;2.718;12.519;4.322;;;1.132;;11.347;2.683;;;;;;;;;1.057;;;;;2.485;;;;;;;;;;;35.598;1.303;5.705;4.699;7.342;;;1.265
2019;Agricultura, ganadería, silvicultura y pesca;"Mediana empresa ""B""";19.112;;4.012;;;;;;3.595;;;;;;;;;;;;;;;;;6.959;2.563;;;;;2.300;2.462;;;54.864;21.331;;7.127;12.337;;;8.581;2.698;;;;;2.223;;;16.273;230.471;;;8.341;;73.972;5.319;;21.235;8.836;;12.403;;;4.262;2.206;;14.730;3.402;;3.685;405.149;;;2.657;2.546;11.081;37.543;6.928;19.259;36.597;41.290;;5.058;;123.354;7.224;;15.571;;2.116;6.704;;3.530;2.041;;2.297;;8.756;2.599;;2.398;3.582;;;;;;;;;;;;;;;;14.078;13.611;3.172;19.947;26.777;2.570;25.308;6.732;;25.769;18.444;12.882;;13.754;;6.030;2.073;4.020;;;48.113;13.244;;;;;13.697;3.120;4.457;4.266;;;4.617;15.685;;;;;;;;;;;;;;;;;;;;4.301;;;121.479;38.612;27.142;64.550;4.250;;2.036;;15.118;;;2.128;8.463;;12.754;7.728;;;;;;;;;;;;;;4.591;;;3.837;;;;;;;;62.135;12.282;20.429;2.564;24.411;;;
2019;Agricultura, ganadería, silvicultura y pesca;Microempresa;1.499;0;24;76;52;;0;5;6;0;;;151;;0;5;0;0;83;0;0;0;60;64;123;101;69;0;;460;75;328;17;564;331;1.232;608;47;80;134;0;32;487;0;0;0;0;50;4;0;1;0;4.446;453;0;186;0;832;273;162;984;176;0;323;6;33;599;4;400;1.757;306;74;112;11.396;126;19;277;4;123;319;128;309;664;980;191;18;0;1.244;47;109;398;136;199;0;64;147;23;4;785;313;154;351;68;220;381;0;6;0;0;;0;3;8;9;45;2;155;0;8;0;542;112;71;247;1.322;0;287;333;12;228;201;271;193;395;15;422;586;42;99;0;1.293;36;0;83;116;34;595;58;29;1.027;0;0;201;71;268;0;1;0;27;1;18;0;0;0;0;0;0;111;77;0;61;0;165;0;0;;9.681;645;724;440;662;115;407;611;1.133;105;0;0;119;0;305;185;13;68;0;0;0;77;7;2;0;;67;0;0;98;1;0;629;0;0;61;116;11;502;93;3.526;1.037;511;92;834;;;
2019;Agricultura, ganadería, silvicultura y pesca;Pequeña empresa;14.803;493;;;380;167;;416;1.084;;;;480;434;1.732;1.147;;;640;;;475;1.207;2.603;1.321;15.242;295;478;;8.010;604;4.784;2.732;6.232;3.212;29.077;25.944;2.284;1.551;9.346;808;317;12.077;1.042;412;357;398;257;2.616;935;773;931;209.449;10.689;;7.452;414;28.665;29.346;3.802;41.265;8.247;;32.189;1.515;;6.998;1.584;6.763;22.817;747;622;2.695;229.118;1.483;1.845;2.580;1.156;7.567;10.669;7.376;25.624;23.774;29.218;5.952;4.751;;45.694;4.702;745;4.249;841;10.098;3.622;;2.005;3.309;147;16.028;2.890;1.727;1.410;699;2.679;10.067;257;1.362;1.776;1.131;;152;327;398;343;;;1.891;2.865;274;;25.577;10.375;5.031;10.332;33.434;1.692;14.144;15.151;806;10.918;18.528;8.813;3.615;9.227;1.654;7.415;15.160;1.381;2.155;1.088;29.682;2.922;691;245;175;369;12.989;2.511;499;27.370;;358;4.116;1.717;3.050;695;;;4.325;;;;;;;;;;;708;1.279;;1.555;384;;;128.098;23.047;27.993;16.151;3.974;6.128;6.212;1.795;24.791;1.483;887;1.875;2.124;476;11.853;4.655;632;1.208;;;;193;;;;;;;842;3.967;;;1.717;;330;;1.294;;3.024;512;56.721;11.093;12.590;4.037;14.598;;;712
2019;Comercio;Grande empresa;2.426.307;;5.812;;6.091;;;6.672;;;;;;;20.661;;;;;;;;39.734;5.384;6.409;5.514;;;;54.808;;;;7.067;;66.224;14.087;;;;;;54.096;;;;;;;;;;1.133.566;5.626;;;;71.659;101.608;;25.844;;;23.640;7.837;;42.173;;;14.387;;;;15.211.043;;12.948;16.657;7.107;111.390;665.656;17.908;35.950;206.209;40.964;7.091;;11.454;774.488;;;107.473;;12.544;;;;7.309;;263.082;6.543;;23.647;;;176.271;;6.209;;;;;;;;;;;;;;56.012;5.323;;14.203;184.748;;98.308;35.473;;13.202;;25.053;26.272;152.782;7.544;12.422;35.885;;;;448.752;29.424;;;;;;22.126;;28.975;;;;;;6.610;;;;;9.793;;;;;;;;;;;;20.150;;;;15.856.413;30.377;38.380;25.400;2.804.721;;;;783.247;7.350;;;;;51.119;;;13.076;;;;5.071;;;;;;;10.118;54.939;;;;;;;14.711;;20.379;;724.125;7.146;;39.377;25.616;;;
2019;Comercio;"Mediana empresa ""A""";287.882;1.031;10.775;1.634;5.719;;;6.468;;1.505;;;;;2.464;2.069;1.518;3.099;;1.120;3.044;;30.705;3.465;12.984;18.546;4.548;;;24.347;1.861;1.334;1.334;4.983;2.840;63.261;19.815;1.059;6.594;16.859;;;82.389;;;;1.061;3.566;1.280;3.441;;5.476;151.246;4.790;;5.158;;16.022;24.821;;16.441;18.564;1.257;23.622;6.266;1.559;43.496;4.090;1.314;18.979;6.729;5.508;1.234;1.039.072;1.403;2.694;7.719;1.786;33.400;37.656;24.089;7.498;34.895;16.076;7.706;8.185;1.506;58.046;9.025;3.031;10.167;3.844;1.412;;3.598;3.052;2.556;2.835;63.895;10.994;7.559;6.705;1.170;;75.453;4.566;12.495;;;;;4.332;1.350;1.296;1.408;2.758;2.922;1.402;;;37.316;2.541;4.854;;42.169;4.677;25.689;13.399;2.255;10.206;2.147;8.594;2.652;82.984;8.086;16.616;41.934;1.209;5.375;;99.714;6.346;3.716;4.489;5.893;5.304;7.155;3.388;;7.094;;4.256;;4.141;3.852;4.709;1.698;1.217;2.684;2.695;4.197;;;;;;;2.830;4.404;1.627;1.006;;14.188;1.586;1.230;;1.175.228;19.394;28.858;9.647;51.948;5.916;8.265;1.563;186.627;10.163;1.232;4.149;;5.594;14.333;12.111;2.681;7.139;;;;4.730;1.932;;;;;;16.201;25.895;;;4.068;;;;24.105;;4.607;1.787;128.888;11.825;26.644;29.067;11.971;;;
2019;Comercio;"Mediana empresa ""B""";444.434;;8.976;;11.802;;;6.756;;;2.751;;;;23.295;7.145;;2.503;6.997;;5.861;;10.872;4.803;8.823;31.165;2.045;;;41.894;3.200;;;11.368;;117.396;22.247;;3.850;7.360;2.014;;106.567;;2.884;3.663;;;2.363;;;2.112;209.009;10.334;;7.420;;37.858;39.960;2.475;37.266;8.686;2.204;31.468;4.020;;44.729;;2.268;32.778;16.032;13.766;;1.840.904;3.045;7.596;24.507;;44.435;96.546;20.010;14.698;52.439;35.389;7.208;3.726;2.180;72.249;11.773;5.456;29.035;21.023;;2.322;2.101;3.968;;2.315;75.226;21.059;4.244;15.149;;;99.046;;13.611;;;;;16.405;;3.989;7.123;;;4.903;;;45.323;3.381;9.480;18.562;107.133;11.697;57.193;5.614;2.417;22.811;16.016;22.541;18.695;117.563;9.854;28.476;36.694;2.814;2.696;2.999;174.049;32.302;5.385;2.893;6.471;11.565;6.510;28.119;;25.942;;5.542;3.085;6.250;7.152;11.760;9.954;;;;7.876;;;;;;;20.028;;2.647;2.123;;20.568;;;;2.054.340;28.699;36.337;11.416;71.607;;7.924;;284.537;5.015;4.537;;;5.552;34.208;;2.192;5.526;;;;20.244;;;;;2.675;;6.358;55.857;;;15.829;;;;12.918;;18.486;;244.571;21.027;22.741;61.961;15.016;;2.154;
2019;Comercio;Microempresa;21.448;102;593;87;469;0;0;246;0;0;304;24;51;0;506;907;89;262;273;172;170;0;1.218;645;573;1.021;12;0;87;2.045;155;431;0;1.014;18;4.154;1.139;75;274;1.696;409;56;6.608;174;15;139;135;85;493;40;61;48;11.026;755;9;242;2;1.497;2.230;59;1.324;1.043;497;1.731;667;0;4.593;268;313;1.043;486;580;284;110.540;234;97;340;0;2.217;3.096;1.334;599;2.158;756;361;257;563;4.573;202;174;705;440;131;20;206;235;295;0;5.616;923;82;1.757;159;211;4.528;592;339;152;0;8;0;595;476;130;0;0;69;36;0;0;2.554;97;291;228;2.804;375;1.253;755;190;1.523;213;124;475;7.102;418;1.321;1.377;113;962;225;8.972;790;322;236;498;197;550;437;177;946;116;54;281;96;249;790;166;0;84;0;327;0;80;0;169;0;119;1.260;121;118;26;0;2.277;131;33;0;115.600;1.399;1.422;211;4.388;143;107;352;13.560;221;34;189;77;152;1.117;394;27;465;54;74;42;190;45;75;0;0;266;127;564;2.578;212;50;1.032;0;0;32;1.385;0;652;195;11.332;925;546;1.397;497;;;
2019;Comercio;Pequeña empresa;436.826;3.451;14.992;679;9.084;565;784;4.247;3.241;;1.313;745;190;370;11.435;23.050;2.814;2.782;2.795;7.019;3.620;1.574;30.510;8.168;11.530;23.334;1.873;835;1.261;55.003;3.883;4.165;218;9.766;2.859;99.864;18.408;3.479;7.528;27.922;10.607;1.639;153.826;2.232;1.298;2.547;3.294;4.531;5.494;3.349;1.018;1.512;224.664;7.513;1.280;6.195;;21.900;42.782;1.975;45.767;18.015;2.359;25.455;8.524;525;66.811;5.894;4.652;36.984;9.038;9.025;3.497;1.590.172;4.409;4.791;12.888;2.943;50.217;68.140;30.896;16.504;61.429;19.350;11.905;5.798;5.871;72.818;9.900;3.155;11.563;9.635;4.812;2.082;3.291;5.534;5.223;2.961;106.536;13.528;9.960;32.578;2.173;2.440;135.135;5.049;10.405;3.689;1.167;457;1.849;9.758;6.570;4.067;5.657;218;2.614;5.389;149;139;52.584;5.920;5.860;10.373;79.262;11.528;30.207;14.732;2.494;26.900;7.575;10.151;7.090;109.928;11.164;41.120;44.620;6.704;16.081;8.083;147.031;17.814;4.196;5.466;5.827;7.255;12.175;7.967;1.986;17.836;549;1.661;4.162;4.542;4.707;25.521;8.695;3.793;4.006;3.606;7.759;1.252;987;179;1.583;171;1.081;20.151;2.076;3.545;1.360;123;31.168;3.245;132;;1.885.356;29.752;38.257;23.197;76.850;5.254;4.680;6.233;317.729;7.258;7.345;1.412;7.501;3.863;33.051;8.119;6.328;10.770;3.694;;;15.565;3.354;397;128;515;5.685;2.140;16.060;57.878;707;;13.167;;642;871;29.589;773;13.640;4.724;269.468;15.572;23.801;45.645;23.923;;;
2019;Construcción;Grande empresa;38.249;;;;9.121;;;;;;;;;;;;;;;;;;;;;;;;;;;;;;;;;;;;;;18.527;;;;;;;;;;10.706;;;;;24.182;;;;;;;;;18.490;;;;;;;528.988;;;;;37.333;36.697;;;5.561;;;;;110.124;;;;;;;;;;;;33.096;;;;;16.360;;;;;;;;;;;;;;;;7.461;;;;;;;;;;;;;21.164;;;;;;;40.059;;;;;;;;;;;;;;;;;;;;;;;;;;;;;;;;;;;;1.590.029;;;;;;;;33.833;;;;;;;;;;;;;;22.127;;;;;;;;;;;;;;;;;;;;;;;;;
2019;Construcción;"Mediana empresa ""A""";30.510;;;;;;;;;;;;;;;1.271;;;;;;;1.080;;;;;;;;;;;;;3.055;;;;1.906;;;3.414;;;;;;;;;;8.120;;;;;;;;;1.333;;;;;2.338;;;1.345;1.668;;;162.945;;;;;11.557;2.872;;2.793;;;;;;17.806;;;1.065;1.657;;;;;;;2.145;;;;;;9.649;;;;;;;;;;;;;;;;;;1.128;1.695;5.141;;1.606;;;1.028;;;;6.551;;3.145;;;;;6.973;1.973;;;;;;;1.172;;;;;;;;;;;;;4.817;;;;;;2.760;1.250;;;;2.790;1.081;;;206.654;;;;7.900;;;;21.525;;;;;;1.247;;;0;;;;;2.942;;;;;;;1.247;;;;;;;3.836;;1.040;;12.053;1.689;1.025;;3.067;;;
2019;Construcción;"Mediana empresa ""B""";49.155;;;;;;;;;;;;;;;;;;;;;;;;;;;;;;;;;;;;;;;;;;10.806;;;;;;;;;;25.728;;;;;;;;;;;;;;2.948;;;;;;;169.299;2.193;;;;6.866;5.382;;;;;;;;32.845;;;;;;;;;;;10.209;;;;;;14.026;;;;;;;;;;;;2.386;;;;5.948;;;;4.650;;;;;;;;;25.377;2.408;3.473;3.758;;;;22.862;2.094;;;;;;;;;;;;2.736;;;;;;;;;;;;;;2.397;;;;;3.861;2.024;;;286.972;;;;7.724;;;;19.684;;;;;;;;;;;;;;9.252;;;;;;;3.326;;;;;;3.444;13.625;;2.436;;17.498;;;;2.284;;;
2019;Construcción;Microempresa;3.672;0;196;101;77;0;0;68;98;55;9;5;133;0;178;741;0;26;153;118;1;0;345;23;72;426;92;207;;323;163;42;54;10;;1.370;159;129;187;329;110;112;2.511;266;192;101;0;68;93;102;76;143;1.659;139;150;;;145;166;0;186;365;79;220;224;0;1.529;67;108;351;170;56;88;23.060;0;0;100;;423;983;101;93;245;124;5;;0;1.326;;0;68;94;0;0;0;40;0;0;916;91;464;666;56;163;2.088;140;299;5;17;342;333;97;151;0;482;88;0;0;1;0;1.220;12;100;30;413;0;261;89;0;14;10;14;0;1.860;208;249;230;;1;1;1.494;51;1;0;42;150;23;71;13;66;0;2;0;20;25;629;247;86;65;89;77;470;42;197;130;76;133;1.017;501;399;98;130;1.601;218;0;8;25.293;370;307;255;838;7;67;47;2.156;302;0;;0;86;178;185;0;475;201;109;43;483;181;125;35;80;134;41;323;1.885;193;112;683;206;23;258;1.459;57;546;607;2.296;70;714;375;293;;;
2019;Construcción;Pequeña empresa;55.370;1.593;1.069;142;1.016;;;328;;;246;;1.717;;0;2.497;;;134;534;;;5.275;;1.859;2.213;1.166;;;1.840;;457;;369;;14.548;1.523;1.124;838;760;;166;15.692;146;;;177;544;268;115;276;796;17.540;;;185;;932;553;292;3.220;2.405;311;1.828;272;449;8.004;;142;2.374;920;823;454;283.635;162;;233;;15.086;6.043;110;1.316;2.528;1.649;;172;145;24.036;1.224;101;2.483;667;416;0;;454;0;;19.582;3.073;882;3.239;551;123;21.354;471;;115;154;808;;1.336;;0;1.653;207;539;235;;;6.358;613;1.533;416;8.442;1.273;613;1.277;396;1.773;1.617;;156;26.644;196;1.127;1.359;979;749;766;15.399;956;;;113;142;1.045;392;265;512;305;130;;1.125;;1.925;816;514;;1.008;449;323;368;2.003;;539;1.349;5.392;1.675;722;494;799;10.629;894;149;;331.503;2.293;1.721;928;12.014;596;;570;40.454;1.576;;282;683;104;3.591;411;101;4.015;130;358;1.167;2.716;2.644;496;;749;0;115;118;9.707;587;227;5.017;;793;1.201;6.887;1.320;3.052;1.798;24.042;239;9.302;3.311;5.193;;;
2019;Explotación de Minas y Canteras;Grande empresa;19.428;;;;;;;;;;;;;;114.355;;;;;;;;;;;;;;;;;;;;;;;;;;;;;;;;;;;;;;;;;;;;;;14.675;;11.922;;27.374;;;;;;;;;45.487;;;;;;;;;;;;;;13.967;;;;;;;;;;;;;;6.927;;;;;;;;;;;;;;;;;;;;;;;;;;;;;;;;;;;;;;;;5.837;;;;;;;;;;;;;;;;;;;;;;;;;;;;;;;;;;;11.192.762;;0;;;;;;;;;;;;;;;;;;;;0;;;;;;;;;;;;;;;;;;;;;;;;;
2019;Explotación de Minas y Canteras;"Mediana empresa ""A""";9.050;;;;;;;5.956;;;;;;;14.202;;;;;;;;;;;;;;;;;;;;;;;;;;;;;;;;;;;;;;3.396;;;;;;;;;;6.484;1.801;2.438;;;;;;;;;5.209;;;;;;;;;;;;;;1.466;;;;;;;;;;;;;;1.429;;;;;;;;;;;;;;;;;;;;;;;;;;;;;;;;;;;;;;;;;;;;;1.068;;;;;;;;;0;;;;;;;;;;;;;;;;;;;;;22.327;;;;;;;;;;;;;;;;;;;;;2.434;;;;1.107;;;;;;;;;;;1.796;;;;;;;;;;;
2019;Explotación de Minas y Canteras;"Mediana empresa ""B""";;;;;;;;;;;;;;;24.672;;;;;;;0;;;;;;;;;;;;;;;;;;;;;;;;;;;;;;;;;;;;;;;;;11.026;5.260;3.133;;;;;;;;;5.428;;;;;;2.516;;;;;;;;;;;3.597;2.090;;;;;;;;;;;;;;;;;;;;;;;;;;;;;;;;;;;;;;;;;;;;;;;;;;2.771;;;;;;;;;;;;;;;;;;;;;;;;;;;;;;;;;;;84.907;;;;;;;;;;;;;;;;;3.677;;;;;;;;;;;;;;;;;;;;;3.191;;2.445;;;;;;;
2019;Explotación de Minas y Canteras;Microempresa;271;;29;0;;0;;0;;;;3;;;1.306;;;;;;;;63;;;0;0;;;0;90;;;;;72;0;;0;;;0;147;0;28;;;;0;;0;;300;;0;0;;52;;0;54;64;287;14;388;;82;0;;0;;;0;648;;;;;0;24;49;;;;;;;65;;;;114;;0;;0;;0;203;;0;55;;0;0;0;47;0;;;;47;;0;;;;;;;0;;0;;1;;;0;;;;;;46;;;28;;2;;29;;;;;;;;;;;;;;0;12;0;0;0;0;;;;;;;;21;;;;0;92;;;;2.243;;;0;160;;;;114;0;;;;;86;0;;304;101;;0;83;102;0;;0;;;;0;99;;18;;0;;102;;;;94;;57;;0;;;
2019;Explotación de Minas y Canteras;Pequeña empresa;4.334;110;332;;576;;;187;;;;;;;15.179;;;;;;;137;698;117;;;;;;;;;;;;1.168;449;;;779;;;1.548;;;;;;809;;;;7.189;;621;;;;;;2.319;811;4.318;1.279;4.076;;509;;;455;;;;6.653;;;;;;367;;;;;;;;1.041;;;;;;;;;;;932;;;;;126;1.225;;128;;;;;503;;;;;;;;;;;716;;;;;;;;;;;787;;;;;;;999;;;;;;;;;;;;;;;;;;;;;;261;;;;;;346;;;;639;;;;22.412;;;;632;;;;887;;;;;;;;;1.682;210;;;1.214;707;975;;666;;;110;1.788;;;;;;;730;;;;475;;182;;;;;
2019;Industrias Manufactureras;Grande empresa;1.580.997;;;;;;;;;;;;;;;;;;;;;;;;;145.224;;;;7.307;;;;;;81.579;;;;17.653;;;188.088;;;;;;;;;;152.272;60.538;;;;13.643;26.771;;18.470;;;121.947;;;51.162;;;52.602;20.733;;;7.979.946;7.398;;;;37.908;3.136.955;;15.846;194.773;;;;;17.773;27.533;15.973;217.193;43.658;;350.852;;;;12.055;51.836;;;181.142;;;33.934;;17.084;;;;;;;;;;;;;;83.791;;;16.866;237.802;;;25.820;;78.391;7.440;;;20.805;;;47.855;;;;453.478;930.159;;;;;41.841;;;131.989;;;;414.689;;;;;;;;;;;;;;;;;;;;;;;11.992.131;31.555;511.115;21.004;648.327;;;8.473;369.760;56.222;;;7.018;;78.150;;;;;;;;;;;;;;;;;;;;;;7.224;;;;69.455;48.258;81.414;;12.898;;;
2019;Industrias Manufactureras;"Mediana empresa ""A""";82.724;;;;;;;;;;;;;;5.544;2.252;;;;;;;1.736;;;;2.456;;;1.016;;;;1.079;1.530;17.594;;;1.077;2.496;1.510;;13.979;;;;;;1.192;;;;6.725;;;;;1.930;;;1.141;1.744;1.999;;;;1.038;;;1.734;;;;195.278;;;2.595;1.389;7.273;19.127;1.084;;2.985;;;;1.930;7.611;;;6.536;;;;2.650;2.594;;;17.469;16.847;1.909;1.343;;;9.187;;2.505;;;;1.486;;;;;;;;;;4.492;1.405;1.573;1.378;3.274;3.486;1.417;;;1.218;;;;7.849;;;;;;;14.734;6.140;1.997;;;;;;;;;;;1.748;;;;;;;1.972;;;;;;;;;;;;;1.241;;;379.141;5.837;10.568;1.132;24.708;1.826;;;46.107;;;;;;5.016;;1.464;1.012;;;;;;;;;;;;1.304;;;;;;;1.522;;1.100;;20.892;;1.218;2.295;3.059;;;
2019;Industrias Manufactureras;"Mediana empresa ""B""";82.126;;2.499;;;;;;;;;;;;5.059;;;;;;;;2.656;;2.540;;2.015;;;2.742;;;;;4.856;27.339;3.142;;;3.511;;;18.226;;;;;;7.885;;;;21.075;;;4.261;;;2.173;;;2.283;7.336;4.341;;;15.076;;;15.635;;;;393.537;;;;;16.119;73.315;2.493;4.277;;;;;;14.834;9.108;;10.704;;;;2.787;6.094;;;7.094;5.471;;5.465;;3.377;7.535;;;;;;;5.837;;;;;;;;;7.931;;8.314;;8.698;2.376;;;;;;;;12.244;;;4.909;;;;26.806;10.319;;;;;2.395;;;;;3.198;;14.158;;;;;;;;;;;;;;;;;;;3.913;;;;600.690;2.592;10.288;4.690;40.042;;;;96.102;3.060;;;;4.260;2.126;2.812;;;;;;;;;;;;;;3.380;;;;;;;9.590;;;;21.850;;6.457;;15.082;;;
2019;Industrias Manufactureras;Microempresa;6.799;0;72;7;79;1;0;121;27;2;32;12;37;0;0;599;0;15;32;15;10;;339;5;129;197;0;0;0;617;0;0;34;259;59;1.389;56;37;319;378;126;136;1.710;221;121;52;12;38;526;0;44;0;1.500;15;0;4;;21;645;70;138;224;82;29;158;0;1.494;0;0;826;1;81;0;24.043;65;946;24;101;974;1.646;779;7;372;123;72;43;199;424;51;67;131;178;0;0;201;33;0;0;1.486;1.101;149;868;40;82;2.169;0;168;0;11;33;4;61;0;0;188;;4;0;9;;180;18;32;0;537;35;1;102;0;175;15;37;15;2.371;153;840;678;102;44;22;2.220;455;86;0;109;7;203;13;58;311;0;61;74;96;236;124;14;13;21;11;172;0;;0;;;;683;87;31;72;129;449;0;;98;38.101;517;922;169;1.375;54;0;12;4.751;92;226;0;9;0;1.507;106;107;477;0;52;0;85;58;6;0;14;0;0;282;1.351;0;24;171;31;186;0;1.349;;256;135;3.042;33;931;576;144;;;
2019;Industrias Manufactureras;Pequeña empresa;121.254;;2.660;;531;;;;152;;1.184;;;;596;2.429;;;;;;;2.084;145;642;1.510;497;;;2.068;;540;;701;1.328;19.851;252;;1.011;4.682;1.800;200;28.168;299;1.118;;;297;2.845;350;175;726;23.597;;;551;;271;2.272;;918;378;738;2.245;1.266;;3.492;;;2.997;353;763;;345.743;866;;290;164;9.061;32.366;363;1.196;5.541;409;836;1.112;674;8.218;1.317;1.408;2.342;808;126;214;1.540;2.836;475;514;22.548;18.756;265;6.530;;;11.988;;918;;529;508;;;406;;155;;719;422;;;5.920;;1.539;1.364;10.119;743;1.398;990;;1.845;;0;0;14.438;165;3.656;1.403;;472;1.159;30.601;5.716;;704;0;434;779;896;376;729;;;1.221;1.326;108;999;311;;;;543;;;;;;;2.951;;681;1.151;539;1.875;;;;515.656;8.078;13.252;3.896;27.610;188;705;1.309;94.754;;2.653;588;382;726;20.979;4.192;2.537;841;;;;301;599;952;;;516;;1.619;6.017;;;843;;;;8.059;;1.524;;37.619;1.037;3.231;5.423;3.244;;;
2019;Servicios;Grande empresa;1.962.182;;;;;;;;;;;;;;;8.334;;21.100;;5.002;;;14.686;33.127;;;;;;56.638;;;;5.955;;54.999;;;;6.881;;;145.475;;;;;;;;5.439;5.153;118.974;6.480;;;;;5.699;;6.130;5.201;;23.708;6.485;;482.044;;;5.746;;;;9.637.594;;;;;51.356;109.018;;;10.312;7.671;;;;310.783;;;;14.578;;;;;;;149.395;25.524;;23.672;;;306.680;;;;;;;;;;;;;;;;12.533;;;;5.651;;5.772;;;;5.022;;;155.343;8.192;26.789;5.120;;;;81.535;15.337;;;;;;;;;;;;;;;5.657;;;;;;;;;;;;;;6.704;;26.150;10.318;;;14.290.240;53.140;5.530;;128.909;5.212;;;475.373;17.210;;;;;;;;5.755;;;;11.716;;;;;23.485;;39.464;11.489;;;;;;5.685;20.822;;34.429;;46.186;;16.115;11.874;;;;
2019;Servicios;"Mediana empresa ""A""";143.935;;3.164;;2.512;;;;1.036;;;;;;1.320;6.826;;;;;;;10.897;;2.909;4.050;2.690;;;13.323;;1.066;;2.955;;29.455;3.211;1.269;1.845;10.427;1.107;1.616;29.642;4.167;;1.906;;;;1.361;1.320;1.893;45.867;;;4.234;;2.303;1.562;;1.208;6.399;;7.555;2.938;;26.013;1.505;;7.121;1.064;1.823;;822.643;;;;;20.001;27.991;2.264;1.608;7.564;2.356;1.879;;;82.296;;1.182;1.607;1.295;;;;;1.627;;33.781;2.651;;8.401;;2.421;37.527;;1.571;;;;;;;1.926;;;;1.335;;;5.620;2.211;1.600;;23.138;;7.779;1.713;;1.190;2.187;1.896;;39.703;;;2.666;;0;3.021;50.112;4.189;0;;1.064;1.023;;1.173;;4.225;1.774;1.646;1.826;1.226;;2.765;;;;2.402;1.418;;;;;;;2.013;1.427;;;;4.017;;;;1.179.167;7.183;7.147;1.999;35.206;;;1.021;59.393;7.895;;;1.628;;1.309;;;0;;;;5.773;2.809;;1.469;;7.326;2.973;45.018;15.602;;1.262;9.853;;;1.211;26.241;;3.752;;41.372;;4.781;14.551;2.536;;;
2019;Servicios;"Mediana empresa ""B""";156.021;2.648;;;3.647;;;;;;2.474;;;;7.445;6.796;;;;;4.045;;4.457;;9.364;3.039;;;;10.003;;;;;;50.980;2.015;;3.373;4.848;;;31.673;;;;;;;;;;63.719;;;;;4.011;6.579;;4.408;6.923;4.024;8.736;;;26.024;;;;;2.053;2.391;1.118.982;;;;;29.350;24.996;6.425;3.290;20.406;2.499;2.761;;3.597;111.859;2.290;;12.245;3.876;;2.427;;2.094;;;50.103;5.026;5.087;12.426;;5.324;35.084;2.587;3.132;;;;;;;;;;;2.033;;;18.707;;2.920;;7.532;;2.310;;;;4.060;;;51.729;2.381;3.149;;;;;60.328;19.339;;;;4.725;2.214;2.714;;;;;;2.881;;2.345;;;;;;;;;;;;7.741;;;3.451;;6.384;;;;1.772.989;7.022;25.224;6.854;33.026;2.884;;;74.953;4.357;2.966;;;;3.560;2.913;;2.186;;;;10.198;;;;;5.092;2.804;14.707;12.856;;;10.431;;;;43.875;;12.073;;48.382;;2.470;12.503;18.139;;;
2019;Servicios;Microempresa;42.742;452;1.670;467;596;57;151;632;883;88;273;92;319;117;609;3.790;111;229;270;713;485;53;4.421;554;2.144;1.709;580;264;204;5.598;220;192;177;1.327;139;11.797;1.178;238;1.406;1.486;785;242;12.824;908;745;451;319;924;797;158;190;212;16.270;604;164;305;58;1.534;1.801;74;1.865;1.159;479;2.000;1.053;179;6.915;271;135;2.217;741;2.368;235;229.609;120;186;423;11;4.437;4.596;828;664;3.727;1.093;267;46;371;12.720;452;396;812;1.152;163;267;102;140;356;47;11.429;1.410;1.142;3.591;306;424;14.673;722;901;242;264;182;279;751;575;530;898;4;81;123;74;99;3.882;342;722;201;4.792;384;1.169;660;163;988;702;312;330;15.450;1.234;2.754;1.038;241;1.400;296;15.977;1.791;510;401;814;666;1.548;386;347;990;25;985;223;869;692;2.271;522;344;212;306;902;96;458;200;175;74;87;2.482;403;476;281;143;3.699;657;158;10;300.540;3.694;4.203;1.292;8.608;750;784;358;18.265;2.404;601;204;661;660;1.608;961;144;1.720;298;128;159;893;790;78;301;77;1.622;1.153;3.844;6.179;679;382;3.156;325;259;334;5.936;321;2.113;814;18.559;886;4.353;3.139;2.946;;;
2019;Servicios;Pequeña empresa;362.659;770;7.673;998;3.631;1.503;113;3.179;1.162;0;561;0;1.726;;4.400;12.302;1.380;1.249;1.064;2.721;2.303;754;25.111;3.157;11.335;11.124;4.186;134;788;47.982;2.418;2.208;1.793;4.216;354;106.494;7.860;1.855;7.046;12.956;4.352;2.330;85.974;3.262;1.102;1.413;1.147;1.554;4.526;275;320;3.161;142.199;4.060;128;2.123;;9.561;14.452;1.056;13.873;9.934;5.579;15.847;4.503;477;41.825;321;590;11.833;2.937;7.039;484;1.676.691;1.894;308;3.879;806;46.772;41.641;5.877;5.480;28.166;7.225;2.904;1.098;3.293;155.816;1.749;1.240;6.631;5.361;1.507;2.950;1.226;3.839;3.589;971;88.969;7.694;6.337;25.507;168;3.881;105.479;2.588;3.571;833;454;;1.706;1.837;1.110;1.099;4.882;;1.343;;527;;23.400;622;4.338;2.314;42.034;1.498;4.959;2.417;;6.668;7.465;1.966;1.606;100.872;2.696;15.175;8.501;1.194;8.452;2.198;111.488;9.006;1.198;1.075;4.689;3.629;11.140;2.060;908;6.961;711;1.212;2.859;8.604;1.898;10.249;2.649;403;1.194;590;3.623;165;288;257;1.130;;;12.035;2.539;4.662;3.788;142;14.585;2.527;1.332;244;2.529.868;23.220;35.655;6.962;90.358;1.985;4.156;2.164;155.899;9.781;1.668;199;2.879;1.683;14.922;3.560;2.340;8.509;975;;;8.633;5.895;1.690;206;629;12.647;6.116;43.707;43.361;1.005;364;24.668;;956;4.233;60.939;3.909;18.661;1.700;131.226;4.781;21.268;22.890;12.274;;;
2020;Agricultura, ganadería, silvicultura y pesca;Grande empresa;22.866;;7.148;;;;;;;;;;;;;;;;;;;;;;;6.733;;;;;;;;;;83.791;;;;61.776;;;;;;;;;;;;;365.362;5.237;;;;45.098;;;11.731;16.373;;18.981;;;;;;29.014;14.060;;;2.276.431;;;;;14.120;424.641;;21.775;23.589;5.769;;;;321.112;6.607;;11.052;11.083;;19.333;;24.050;;145.458;;;31.892;;;;;;10.216;;;;;;;;;;;;;;72.172;15.728;;38.804;121.869;;20.655;;;24.191;39.530;6.470;;48.605;;;;;;56.361;216.433;13.676;;;;20.170;;;6.235;;;;;37.899;;;;;;;;;;;;;;;;9.124;;;;;;;395.363;138.222;45.766;50.944;12.067;10.962;;;49.971;;;;;;13.699;14.815;;;;;;;;;;;;;;;;;;;;;;;;;67.385;8.768;32.798;;14.093;;;
2020;Agricultura, ganadería, silvicultura y pesca;"Mediana empresa ""A""";19.492;;;;;;;;;;;;;;1.364;;;;;;1.182;;1.495;;1.051;7.760;;;;2.051;;;1.127;;1.681;30.545;7.417;1.071;1.898;1.387;;;4.481;1.781;;;;;;;;;161.651;2.325;;11.731;;44.022;2.676;3.504;9.694;3.624;;14.249;;1.060;1.771;1.435;;9.080;1.311;;2.783;203.836;;6.580;2.797;;5.273;9.835;3.910;20.208;11.815;17.495;1.562;5.687;1.636;34.863;4.875;;4.299;3.255;1.204;2.194;;;1.713;1.793;5.310;1.880;1.160;3.559;;1.272;1.078;;;;;;;;;;;;;;;;17.709;7.348;2.385;7.222;22.916;1.083;11.745;10.496;;11.844;21.645;8.229;1.756;6.540;1.389;1.458;7.394;1.701;2.473;1.346;15.543;4.019;;;;;5.282;;1.036;7.295;;;3.986;;1.784;;;;1.674;;;;;;;;;;;;;;;;;;51.402;12.011;10.254;20.050;4.212;2.000;9.351;2.322;19.206;1.159;;;1.836;;12.419;5.762;;;;;;;;;1.022;;;;;2.336;;;1.346;;;;;;;;39.306;8.553;9.784;5.920;5.865;;;1.173
2020;Agricultura, ganadería, silvicultura y pesca;"Mediana empresa ""B""";6.690;;;;2.550;;;;2.646;;;;;;;4.096;;;;;;;;;;4.389;2.530;;;;;2.096;2.107;;;48.816;18.811;;6.943;8.463;;;9.366;4.668;;;;;2.337;;;15.328;164.236;;;12.274;;57.439;7.311;;16.117;7.717;;18.080;;;4.036;2.347;;11.268;2.357;;;330.297;;3.530;4.596;3.616;7.022;34.232;6.262;22.332;24.010;44.495;;;;89.376;;;10.341;;4.780;6.143;;;3.054;;3.984;;8.692;;;2.081;2.975;;;;;;;2.096;;;;;;;;;10.465;9.746;4.161;12.932;40.850;4.623;16.471;7.595;;16.558;15.409;15.073;;11.726;;2.692;6.619;;;2.751;34.632;9.601;;;;;12.211;4.923;;3.165;;;;8.708;;;;;;;;;;;;;;;;;;;;6.991;;;133.773;29.514;23.528;67.552;2.955;;;;9.534;2.173;;2.068;7.339;;12.152;7.080;;;;;;;;;;;;;;3.580;;;3.873;;;;;;;;53.862;10.090;15.567;2.585;18.774;;;
2020;Agricultura, ganadería, silvicultura y pesca;Microempresa;1.047;0;55;47;71;94;;5;0;0;;;105;87;38;54;0;0;0;0;0;0;78;9;399;206;28;0;0;569;62;445;19;322;264;1.305;273;207;2;70;12;57;362;0;0;0;0;186;2;0;1;4;3.642;163;0;114;;504;369;90;1.248;101;;503;41;0;320;158;103;1.762;242;127;99;10.035;0;122;139;0;301;550;138;276;481;427;107;130;0;1.779;0;216;83;244;143;0;34;0;1;2;987;382;29;294;191;102;469;0;60;0;0;0;0;8;11;6;2;0;25;0;53;0;808;226;115;358;624;100;193;170;112;400;333;216;113;383;1;457;552;22;0;0;1.031;68;0;0;102;92;316;4;6;465;0;0;245;128;132;15;74;0;1;0;0;;;;0;0;0;28;44;84;67;;69;;0;0;7.997;544;521;358;663;141;491;380;635;33;0;0;100;42;323;127;11;1;0;0;1;38;3;2;0;;12;0;53;128;0;1;175;0;0;48;31;;204;75;3.201;1.383;493;21;335;;;
2020;Agricultura, ganadería, silvicultura y pesca;Pequeña empresa;14.815;;;;441;;;130;381;;;;401;332;160;345;;;783;;;758;1.237;2.555;1.156;14.088;;342;;7.738;645;2.154;727;4.627;2.966;29.564;25.250;1.031;1.841;7.274;639;;10.084;1.671;337;228;513;272;2.943;889;1.117;910;178.505;9.828;587;9.131;;29.948;21.756;4.136;38.729;7.495;;25.644;626;216;6.265;304;3.609;16.709;665;227;826;203.644;869;1.012;3.404;127;4.924;11.888;7.073;22.510;16.087;30.033;4.724;3.139;;38.673;3.217;;5.931;172;4.846;4.211;;1.343;1.380;165;15.128;1.004;800;1.225;1.069;2.746;8.921;;1.552;1.932;1.509;;109;1.321;483;354;;;1.597;3.438;265;;17.633;12.150;3.232;8.424;29.267;2.119;9.711;16.003;736;10.974;14.023;7.358;2.354;5.495;859;5.405;10.891;557;1.275;1.198;23.519;2.640;791;1.014;;137;11.580;1.954;675;21.732;;0;5.050;1.089;1.155;1.096;;;3.440;;;;;;;;;;;918;954;;1.813;;;;103.414;23.779;22.425;19.354;3.730;5.199;2.323;1.599;21.563;1.714;876;1.250;2.141;1.061;11.559;3.626;1.067;800;;;;269;;;100;;653;;269;1.105;;;1.711;;452;;1.252;;3.504;785;47.300;9.268;9.864;3.315;11.210;;;309
2020;Comercio;Grande empresa;1.946.006;;5.286;;5.938;;;6.992;;;;;;;18.410;;;;;;;;30.513;8.011;;6.091;;;;32.712;;;;18.299;;60.646;6.134;;;;;;58.372;;;;;;;;;;1.037.234;6.461;;;;60.808;94.103;;22.079;;;30.833;5.569;;42.182;;;14.277;;;;13.685.675;;13.134;25.507;7.676;111.259;628.130;16.034;45.769;204.545;54.568;;;;744.134;6.560;;166.209;;12.297;;;;7.734;;189.114;14.243;;20.287;;;160.239;;;;;;;;;7.477;5.145;;;;;;44.786;7.020;5.870;14.349;214.048;13.486;126.328;40.816;;26.631;21.415;14.141;45.002;128.446;8.930;5.367;56.358;;;;335.970;33.916;;6.002;;;;9.223;;30.439;;;;5.706;;8.599;;;;;7.324;;;;;;;5.333;;;;;16.838;;;;12.534.557;24.629;37.520;18.151;2.732.801;;;;570.284;6.201;5.825;;;;27.837;;;13.250;;;;16.148;;;;;;;;63.924;;;;;;;8.926;;14.433;;656.031;6.062;13.227;40.699;21.971;;;
2020;Comercio;"Mediana empresa ""A""";260.757;2.555;8.014;1.573;1.156;;;7.214;;1.230;1.899;;;;3.574;4.701;;1.563;1.078;;2.477;1.093;25.775;3.738;13.091;18.094;4.551;;;21.287;;1.436;1.893;6.801;1.103;79.344;12.462;;7.111;20.557;1.484;;62.120;;;1.145;;;1.046;3.085;;6.354;131.152;3.802;;4.223;;19.043;13.823;;10.559;17.428;;17.986;3.734;;42.243;4.905;;22.053;5.293;10.850;1.145;863.869;;;11.766;3.894;22.974;36.179;25.070;7.554;44.139;9.593;9.829;8.336;1.414;45.289;8.215;1.694;4.473;4.250;1.311;;2.137;3.626;5.372;3.480;50.360;5.989;10.356;7.679;1.208;;69.206;1.229;12.223;;;;1.168;1.670;2.632;1.045;2.876;1.835;1.209;2.595;;;44.639;1.359;1.034;;41.889;6.107;23.772;8.338;1.960;11.027;1.338;12.916;1.164;66.900;8.544;15.325;37.160;2.739;4.009;;97.748;10.395;5.896;2.660;4.830;7.080;9.411;7.457;;19.605;;4.513;;2.280;2.489;10.294;3.630;;1.281;1.184;2.074;1.272;;;1.090;;;6.935;2.773;1.456;1.892;;11.201;;;;996.993;14.190;24.584;12.921;44.072;6.279;5.328;4.024;167.666;10.930;1.432;3.127;1.241;7.147;12.226;6.829;3.514;10.264;;;;15.258;1.215;;;;;;3.824;20.512;;;7.540;;;;12.657;;3.506;1.935;119.491;9.814;20.657;20.817;11.613;;;
2020;Comercio;"Mediana empresa ""B""";412.787;;4.843;;13.367;;;5.099;;;;;;;25.982;2.527;4.547;2.396;7.558;;6.149;;19.788;4.554;11.318;28.745;2.854;;;39.914;5.267;;;;;85.091;32.234;;2.845;4.527;;;75.785;;2.074;2.681;;4.134;2.092;;;;177.018;11.228;;9.441;;26.687;44.126;2.356;36.886;14.416;2.016;15.411;4.455;3.758;21.325;;2.364;32.634;14.917;2.043;;1.581.436;2.607;9.129;16.959;;55.622;92.614;30.399;18.508;51.183;34.154;6.065;8.506;13.287;77.808;13.843;8.629;22.860;17.795;;2.128;2.167;8.805;;2.108;59.103;18.916;;5.633;;;85.891;2.160;9.794;;;;;18.980;;;2.002;;2.234;2.676;;;44.824;4.331;9.604;23.324;122.363;10.764;45.190;14.952;4.468;33.341;8.268;30.079;10.091;102.824;8.316;31.591;24.512;2.062;;;145.287;14.389;8.957;4.643;2.936;12.323;;30.248;;13.848;;2.918;2.763;2.724;8.223;6.355;5.102;;;;8.913;;;;;;;11.231;;2.426;;;13.073;;;;1.657.476;33.134;27.926;13.726;62.700;;7.985;;231.777;;;2.004;;3.294;28.523;2.244;2.245;5.604;;;;4.120;;;;;;;8.386;43.307;;;14.344;;;;11.181;;23.130;;239.667;20.269;17.592;51.432;9.928;;2.848;
2020;Comercio;Microempresa;19.930;112;596;0;383;1;0;290;169;0;102;0;36;81;233;811;118;187;62;273;118;0;1.348;217;444;687;159;0;21;2.383;166;289;71;544;173;3.942;434;72;158;1.438;565;0;4.940;22;115;44;198;48;133;0;47;0;9.326;737;0;91;1;974;1.955;0;1.219;1.274;228;866;588;93;3.740;133;92;1.220;200;557;128;95.054;104;157;117;74;1.389;3.730;983;472;2.113;1.091;635;53;205;5.029;69;138;526;576;89;24;91;84;205;26;5.978;1.040;199;1.274;179;47;5.133;278;327;193;0;0;0;431;177;71;207;0;0;69;0;0;1.932;145;153;154;2.482;306;574;443;9;679;0;82;270;5.307;358;1.294;1.440;142;577;311;6.061;470;81;200;174;244;284;326;31;527;0;75;45;188;118;466;289;0;82;0;311;0;63;93;5;0;78;870;95;197;7;97;1.458;18;65;;104.600;1.492;801;402;3.774;185;220;64;14.531;422;332;77;2;227;672;285;51;459;168;90;19;854;100;43;0;0;409;140;811;2.219;112;0;481;0;0;55;925;0;688;118;9.796;976;414;1.091;582;;;
2020;Comercio;Pequeña empresa;369.231;1.977;10.445;728;8.194;684;277;4.041;2.096;;1.150;643;;;7.710;18.552;3.187;2.183;2.778;7.119;2.262;1.305;31.714;6.219;8.642;24.996;1.638;1.146;1.799;42.807;3.359;2.790;204;10.246;917;75.792;14.542;5.161;7.472;17.158;7.545;1.478;128.696;1.119;966;3.006;2.093;4.203;3.960;2.586;1.633;1.278;185.961;8.278;800;5.843;;17.391;31.139;1.987;39.040;19.794;2.544;24.201;8.630;;47.568;6.934;4.434;29.515;5.978;6.326;2.480;1.317.083;3.457;5.328;12.439;3.261;47.773;56.137;22.073;12.761;48.223;13.355;7.521;2.846;3.119;62.703;7.806;2.620;12.212;6.522;4.098;1.355;3.854;4.430;3.670;2.522;91.660;13.751;9.276;24.629;1.494;2.759;104.390;4.899;8.747;2.402;936;442;176;7.860;3.670;2.940;3.439;393;2.676;4.523;189;;38.029;5.189;5.051;7.458;63.191;7.248;24.847;12.640;2.790;19.545;8.368;6.112;9.629;85.709;7.373;27.470;34.698;5.347;12.673;6.343;116.592;15.813;3.545;5.756;4.867;4.117;7.880;4.901;2.087;11.434;156;2.384;2.346;3.566;4.543;21.791;9.252;4.639;3.742;3.959;6.151;738;555;510;839;;1.340;15.208;2.674;2.317;1.468;;28.620;3.677;855;;1.545.876;24.556;33.079;19.817;61.999;6.452;5.111;5.155;256.927;6.231;5.073;1.000;7.085;2.639;28.178;7.469;5.590;8.634;3.044;;;11.084;2.584;528;117;0;3.593;878;14.804;47.852;1.023;248;11.375;126;343;504;27.780;811;13.037;4.557;228.580;12.414;23.699;33.781;15.878;;;
2020;Construcción;Grande empresa;23.505;;;;5.217;;;;;;;;;;;;;;;;;;;;;;;;;;;;;;;;;;;;;;10.004;;;;;;;;;;5.593;;;;;31.899;;;;;;;;;5.802;;;;;;;376.402;;;;;24.384;12.464;;;;;;;;89.024;;;;;;;;;;;;22.607;;;;;;;;;;;;;;;;;;;;;;;;;;;;;;;;;;23.052;;;;;;;24.595;7.423;;;;;;;;;;;;;;;;;;;;;;;;;;;;;;;;5.612;;;980.032;;;;;;;;5.134;;;;;;;;;;;;;;16.669;;;;;;;;;;;;;;;;;;;;;;;;;
2020;Construcción;"Mediana empresa ""A""";21.393;;;;;;;;;;;;1.298;;;;;;;;;;1.157;;;;;;;;;;;;;2.382;;;;;;;1.702;;;;;;;;;;11.810;;;;;;;;;1.940;;;;;5.998;;;1.567;;;;96.504;1.793;;;;5.289;4.019;;1.171;;;;;;7.702;;;1.146;1.462;;;;;;;4.436;;;;;;7.458;;;;;;;;;;;;;;;;1.006;;1.062;1.641;4.969;;;;;;;;;9.594;;;;;;;8.562;1.829;;;;;;;;;;;;1.169;;;;;;;;1.816;;;;;;1.099;;;;;1.377;;;;123.613;1.571;;;1.179;;;;14.174;;;;;;;;;0;;;;;3.074;;;;;;;4.212;;;;;;;5.180;;;;5.060;;;;;;;
2020;Construcción;"Mediana empresa ""B""";53.888;;;;;;;;;;;;;;;;;;;;;;;;;;;;;;;;;;;;;;;;;;2.375;;;;;;;;;;14.282;;;;;;;;;;;;;;2.054;;;;;;;144.427;;;;;17.081;12.234;;;2.562;;;;;30.573;;;;;;;;;;;3.810;;;;;;8.757;;;;;;;;;;;;;;;;2.691;;;;;;;2.758;;;;;;11.381;;0;;;;;8.828;2.645;;;;;;;;;;;;;;;;;;;;3.036;;;;;;;;;;;;;;;230.619;;;;2.889;;;;7.410;;;;;;;;;;;;;2.419;;;;;;;;;;;;;;3.613;7.572;;3.503;;6.945;;;;2.066;;;
2020;Construcción;Microempresa;4.528;83;349;181;113;0;0;79;153;47;8;0;107;49;157;557;0;7;64;35;0;;656;116;145;195;194;28;0;179;49;46;105;95;5;1.071;12;32;342;93;55;128;1.598;126;102;74;89;77;21;10;62;85;1.256;58;9;;;69;165;0;151;169;4;245;98;11;1.065;0;2;161;128;148;42;21.367;0;0;9;;627;713;116;0;414;22;9;;0;1.621;16;0;165;48;0;0;0;35;0;4;1.413;297;190;395;62;43;2.132;165;101;83;1;199;101;207;82;58;438;34;12;0;0;0;544;99;112;76;342;0;169;52;13;164;61;34;7;2.448;45;97;78;28;0;0;1.614;144;58;0;18;12;154;15;9;102;49;2;0;0;39;748;235;0;46;125;261;198;294;378;5;174;334;827;327;233;50;343;912;129;20;9;22.593;173;378;25;672;12;130;0;1.934;28;0;0;0;6;55;66;62;385;152;175;185;414;195;145;0;32;0;46;175;1.434;46;118;888;20;68;200;634;35;364;363;1.904;56;977;319;147;;;
2020;Construcción;Pequeña empresa;43.455;393;112;;203;;;685;;;;;365;;534;1.377;;;;428;;;1.000;;449;849;;563;153;452;;124;;209;119;10.219;859;351;448;824;989;;10.003;287;122;;;0;173;;;182;16.234;;247;152;;0;733;152;1.952;1.685;0;2.485;;203;3.504;185;159;1.724;582;527;853;198.469;;;0;;11.624;7.065;490;1.287;1.600;773;;;;22.269;1.230;0;705;439;602;0;;;;;11.134;1.210;1.022;970;109;0;13.067;115;225;;;757;;374;;;453;;878;;;;5.195;;663;;8.817;335;130;626;305;2.665;;189;;13.781;662;1.239;1.296;720;673;175;14.232;392;;;;243;750;148;721;1.752;;;;1.047;;1.663;220;309;;107;348;821;;1.623;132;;246;3.087;275;887;230;510;3.056;260;256;;242.777;1.872;734;2.080;11.343;105;;294;27.501;608;;164;;;1.122;258;;1.691;238;153;537;2.335;1.008;204;109;;1.253;;;4.238;716;142;2.596;452;;1.428;7.048;666;2.774;579;21.105;115;3.487;3.117;3.367;;;
2020;Explotación de Minas y Canteras;Grande empresa;8.486;;;;;;;;;;;;;;128.004;;;;;;;;;;;;;;;;;;;;;;;;;;;;;;;;;;;;;;;;;;;;;;16.724;;16.956;;19.481;;;;;;;;;29.389;;;;;;;;;;;;;;8.372;;;;;;;;;;;;;;6.030;;;;;;;;;;;;;;;;;;;;;;;;;;;;;;;;;;;;;;;;;;;;;;;;;;;;;;;;;;;;;;;;;;;;;;;;;;;7.411.537;;;;;;;;;;;;;;;;;;;;;358.793;322.119;;;;;;;;;;;;;;;;;;;;;;;;;
2020;Explotación de Minas y Canteras;"Mediana empresa ""A""";2.678;;;;;;;1.228;;;;;;;11.702;;;;;;;1.585;;;;;;;;;;;;;;;;;;;;;;;;;;;;;;;2.165;;;;;;;;1.120;;6.062;1.496;3.205;;;;;;;;;4.836;;;;;;;;;;;;;;;;;;;;;;;;;;;;1.352;;;;;;;;;;;;;;;;;;;;;;;;;;;;;;;;;;;;;;;;1.499;;;;;;;;;;;;;;;;1.878;;;;;;;;;;;;;;;;;;;21.992;;;;;;;;;;;;;;;;;;;;;;;;;0;;;;;;;;;;;;;;;1.979;;;;;;;
2020;Explotación de Minas y Canteras;"Mediana empresa ""B""";;;;;;;;;;;;;;;13.595;;;;;;;0;;;;;;;;;;;;;;;;;;;;;;;;;;;;;;;;;;;;;;;;;11.537;6.918;14.457;;;;;;;;;7.284;;;;;;2.126;;;;;;;;;;;2.292;2.705;;;;;;;;;;;;;;;;;;;;;;;;;;;;;;;;;;;;;;;;;;;;;;;;;;4.462;;;;;;;;;;;;;;0;;;;;;;;;;;;;;;;;;;;;36.714;;;;;;;;;;;;;;;;;3.858;;;;;;;;;;;;;;;;;;;;;;;;;;;;;;
2020;Explotación de Minas y Canteras;Microempresa;490;54;20;;;0;;;;;;;;;797;;;;;0;;;139;;;0;0;;;0;;;;;;0;85;;0;;;;74;0;;;;;;;0;;369;;0;0;;35;;0;146;2;67;3;130;;39;0;;;;;0;677;;;;;;;17;;;;;;;69;;;;38;;;;;;0;80;;0;24;;76;81;0;0;0;;;;60;;;0;;;;;;0;;;;0;;;0;;;;;;3;;;1;;;;0;;;;;;;;;;;;;;43;12;0;;0;0;;;;;;;;90;;;0;;34;;;;2.300;1;;0;5;;;;9;0;;;;;64;0;;199;14;;;13;0;0;0;0;;;;116;;;0;;0;;108;;;1;153;;69;;0;;;
2020;Explotación de Minas y Canteras;Pequeña empresa;5.254;;173;;356;;;1.499;;;;;;;14.396;;;;;;;;;384;;;;;;;;;;;;941;;;;490;;;1.507;;;;;;863;;;;7.991;;491;;;;536;;554;957;5.775;1.167;3.125;;;;;323;;;;7.165;;;;;;287;;;;;;;;179;;;;209;;;;;;;;;;;;;596;282;409;;;;;208;;;;;;;;;;;895;;;;;;;;;;;975;;;;;;;863;;;;;;0;;;;;;;;;;;;;;;;160;;;;;;;;;;172;;;;26.918;;;;1.139;;;;464;;;;;;;;;1.882;293;;;2.306;;591;;1.035;;;;;;;;;;;863;;;;425;;;;;;;
2020;Industrias Manufactureras;Grande empresa;1.383.692;;;;;;;;;;;;;;;;;;;;;;;;;130.031;;;;10.041;;;;;;77.279;;;;18.866;;;166.691;;;;;;;;;;152.218;35.478;;;;13.462;27.882;;18.061;;;114.646;;;45.265;;;76.246;23.707;;;7.114.909;7.964;;;;47.457;2.920.597;;14.737;195.890;;;;;18.805;45.453;17.187;220.882;42.482;;332.414;8.693;;;30.094;62.546;;;155.793;;;33.365;;16.366;;;;;;;;;;;;;;80.199;;5.775;9.143;309.951;;;30.265;;85.170;16.204;;;20.588;;;90.637;;;;481.278;981.756;;;;;37.164;;;100.668;;;;430.085;;;;;;;;;;;;;;;;;;;;;;;9.248.675;31.604;405.102;25.135;576.663;;;;230.900;76.373;;;6.499;;79.360;;;;;;;;;;;;;;;;;;;;;;;;;;81.252;14.138;60.201;;18.515;;;
2020;Industrias Manufactureras;"Mediana empresa ""A""";69.765;;1.078;;;;;;;;;;;;3.349;;;;;;;;1.314;;;;4.788;;;;;;;1.001;1.998;11.052;;;;4.335;1.787;;9.002;;;;;;1.392;;;;6.485;;;1.967;;1.864;;;1.968;1.252;;2.835;;;1.010;;;2.623;;;;180.198;;;;;5.565;21.167;1.610;;3.787;;;;;1.765;;1.576;3.253;;;1.060;;7.397;1.112;;8.794;4.152;1.304;;;;7.518;;2.195;;;;1.756;;;;;;;;;;;;3.286;;4.963;1.111;3.183;;;1.057;;;;7.251;;;1.035;;;;9.918;4.516;;;;;;;;;;;;;;;;;;;1.842;;;;;;;;;;1.119;;;1.748;;;262.950;7.385;6.606;2.302;22.800;;;1.079;36.893;;;;;;2.706;1.017;;;;;;;;;;;;;;;;;;;;;1.528;;;;15.991;;5.059;;5.302;;;
2020;Industrias Manufactureras;"Mediana empresa ""B""";69.782;;;;;;;;;;;;;;8.350;;;;;;;;2.123;;2.163;;;;;;;;;;4.319;32.161;;;;4.615;;;19.934;;;;;;3.302;;;;13.099;;;3.419;;;;;;;9.651;;;;6.979;;;7.798;;;;317.217;;;2.035;;16.677;53.566;;;;;;;;21.440;2.425;;17.954;;;;6.042;5.048;;;2.204;4.084;;4.994;;;9.774;;;;;;;7.126;;;;;;;;;6.699;;;8.085;4.097;8.988;;;;;;;;8.961;;;2.006;;;;33.721;2.365;2.159;;;;;;;;;3.671;;5.566;;;;;;;;;;;;;;;;;;;3.940;;;;465.107;;13.589;5.204;39.580;;;;71.630;;;;;2.213;3.471;2.787;;;;;;;;;;;;;;5.370;;;;;;;8.415;;;;40.837;2.391;12.486;2.060;5.844;;;
2020;Industrias Manufactureras;Microempresa;6.271;81;272;7;0;13;;63;20;7;150;1;34;0;0;404;0;3;4;2;0;0;463;2;198;79;;0;;377;0;108;45;107;0;1.242;14;18;199;118;73;68;1.531;18;29;22;4;0;281;0;21;0;1.759;0;0;99;;42;366;0;63;156;28;36;101;;707;;27;788;3;43;12;21.965;0;135;29;0;835;1.190;176;5;261;67;12;113;33;354;35;5;47;123;0;58;14;1;0;0;1.099;1.259;118;771;5;63;1.694;0;30;0;;0;0;49;0;0;81;;0;0;0;;204;0;18;0;613;0;6;63;0;183;24;0;12;937;64;428;369;12;26;0;1.888;308;8;117;18;48;79;24;13;9;0;12;54;198;112;8;109;5;8;0;15;;;;;;;226;0;0;24;94;267;0;;;32.721;535;585;140;1.545;98;0;95;4.677;38;79;0;44;0;1.241;119;67;115;0;1;0;31;195;;17;0;0;0;228;560;1;13;155;8;4;0;974;0;228;40;2.419;106;313;664;116;;;
2020;Industrias Manufactureras;Pequeña empresa;97.533;;2.049;;175;;;;156;;132;;;;340;3.598;;;;;448;;2.738;155;272;867;557;;;3.027;;;;489;817;13.416;;;2.394;2.585;1.279;522;21.217;124;794;239;;103;3.240;267;118;702;19.227;;;;;381;924;;700;159;342;1.654;951;;2.850;;;1.851;183;255;;265.480;160;;469;159;6.660;27.862;1.043;2.299;4.213;660;326;351;978;8.800;532;212;1.672;817;190;;1.181;710;332;;16.830;17.048;;5.450;;583;8.060;;620;;329;767;;;921;;;;847;;;;3.841;;1.583;1.359;4.341;;566;134;;2.297;;296;0;12.027;0;3.321;1.630;;0;927;21.873;5.345;;840;;306;698;;341;838;;;110;1.981;;595;;;;;417;;;;;;;1.022;;139;166;291;235;;;;410.030;4.565;14.280;1.514;21.464;300;;547;66.935;;2.134;339;;550;8.751;4.203;2.122;836;;;;157;584;559;;;243;;505;2.586;;;;;;;4.731;;602;155;27.826;857;892;2.761;2.218;;;
2020;Servicios;Grande empresa;1.888.924;;;;;;;;;;;;;;;8.927;;22.916;;;;;12.229;36.146;;;;;;61.689;;;;;;50.540;;;;7.816;;;122.979;;;;;;;;5.341;5.671;95.396;;;;;;5.851;;;;6.910;17.881;;;558.724;;;;;;;8.324.883;;;;;45.326;121.983;;;11.868;5.218;;;;265.535;;;13.486;6.575;;;;;;;117.719;26.021;;23.970;;;269.906;;;;;;;;;;;;;;;;12.324;;;;;;5.813;;;;;;;127.968;9.166;16.352;;;;;71.866;10.060;;;;;;;;;;;;;;;;;;;;;;;;;;;;;;;22.562;7.849;;;11.771.689;46.002;6.170;;120.059;5.260;;;412.676;12.329;;;;;;;;5.370;;;;7.582;5.813;;;;16.257;;;10.487;;;;;;;27.514;;27.959;;34.716;;23.901;6.533;7.332;;;
2020;Servicios;"Mediana empresa ""A""";105.385;;1.559;;3.009;;;;;;;;;;;2.967;;;;;;;8.594;;4.348;4.115;3.524;;;8.856;;;;1.952;;18.698;3.855;2.957;1.576;8.797;1.453;1.622;24.779;1.085;;1.677;;;;1.429;1.173;1.946;44.149;;;3.106;;2.640;1.188;;5.445;5.831;;7.166;1.144;;11.000;1.670;;2.288;1.449;;;631.210;;;;;18.341;24.309;1.645;1.442;5.677;2.498;1.765;;;69.703;1.446;1.170;1.153;1.093;;1.806;;1.484;;;31.295;;;4.922;;;35.426;;2.971;;1.073;;;;;;;;;3.648;;;5.362;2.471;1.829;1.012;15.432;;3.677;;;1.155;2.561;;;26.812;1.706;1.303;2.088;;;1.494;41.799;2.915;0;;1.087;;1.963;2.697;;1.086;;;;2.441;;3.162;1.880;;1.427;1.373;1.093;;;1.073;;;;1.272;;1.060;;;4.626;;;;893.885;5.579;5.710;1.928;31.468;1.679;;;59.851;2.867;;;1.344;;3.254;;;0;;;;2.876;1.380;;;;1.655;;7.143;13.243;;;5.707;;;;13.757;;6.716;;23.430;;1.024;3.897;4.822;;;
2020;Servicios;"Mediana empresa ""B""";116.250;2.814;;;4.912;;;;;;3.091;;;;5.719;5.506;;;;7.068;;;6.200;;11.186;;;;;13.593;;;;;;29.661;;;2.991;4.768;;;49.161;;;;;;;;;;66.461;3.500;;4.077;;3.695;6.224;;3.580;7.924;3.462;9.324;3.532;;17.475;;;4.088;;;3.785;1.019.819;;;;;8.257;12.631;2.056;2.501;19.509;;2.183;;4.570;81.374;;;4.593;5.438;;;;;;;39.739;2.319;4.910;11.027;;2.395;27.472;2.682;2.858;;;;;;;2.034;;;;;;;13.699;;3.234;;11.565;;7.876;;;;4.472;;;39.276;;4.261;4.577;;;;40.461;21.451;;;;4.754;;3.160;;;;2.243;;;;;;;;;;;;;;;;2.940;;;6.713;;5.846;;;;1.465.011;12.411;16.106;10.078;25.073;2.766;;;49.419;;2.171;;;;2.392;;;;;;;8.113;;;;;;;8.562;4.389;;2.383;11.359;;;2.465;21.065;;5.074;;52.346;;3.120;14.601;6.287;;;
2020;Servicios;Microempresa;39.078;312;1.576;171;807;65;84;693;513;189;178;16;344;31;373;2.639;10;227;194;208;318;26;3.204;555;1.792;1.257;323;238;42;6.037;375;214;196;801;272;10.135;560;330;1.153;1.671;717;303;11.117;327;342;310;191;644;968;56;231;215;15.363;662;83;297;3;1.107;1.285;109;1.603;1.089;621;1.702;593;27;5.509;241;189;1.632;459;1.253;149;205.556;21;181;372;1;3.692;4.067;660;586;2.733;800;200;65;224;13.471;412;129;886;981;145;119;118;108;92;140;11.745;1.584;1.184;3.778;159;631;12.523;573;860;178;181;91;351;672;413;239;848;23;238;5;13;2;2.884;134;218;148;3.735;132;908;461;188;741;432;191;77;11.882;497;2.104;1.204;142;1.107;237;12.686;1.342;161;176;696;558;1.183;560;195;777;106;302;69;857;257;1.961;342;230;153;334;767;45;157;44;115;22;14;2.247;452;457;385;46;3.061;461;148;56;270.990;2.669;3.549;958;8.374;339;326;236;16.433;1.868;475;141;482;592;1.595;802;120;1.387;366;85;156;1.424;881;146;152;47;1.316;607;3.500;3.990;472;362;2.603;208;305;509;5.637;394;1.802;537;16.629;790;3.781;2.776;2.268;;;
2020;Servicios;Pequeña empresa;290.969;993;5.352;634;1.708;715;;2.475;516;;225;353;593;;3.221;11.906;1.345;170;938;1.611;1.533;616;22.498;2.377;9.803;9.149;2.207;144;338;34.480;1.429;1.230;903;5.101;319;87.431;5.020;400;5.121;8.435;2.502;1.441;62.233;3.370;983;197;915;310;599;;564;2.607;115.225;3.112;;783;;6.727;9.369;950;9.600;7.535;3.902;11.782;3.222;;30.325;;;10.006;1.008;4.500;133;1.321.015;2.046;711;2.893;553;44.884;33.594;7.343;4.215;23.441;6.617;2.153;675;1.900;137.443;1.462;1.754;5.599;5.532;377;2.911;1.065;1.627;4.543;217;63.023;5.930;2.162;15.145;154;1.625;78.830;1.845;2.139;582;;;1.212;1.397;484;750;2.970;;1.075;;385;;19.551;280;2.765;1.500;35.993;1.583;5.091;2.209;;6.683;7.546;2.042;2.130;73.775;1.733;10.800;6.135;1.156;5.562;1.607;82.909;6.749;945;758;2.889;2.681;7.376;1.738;720;7.201;465;810;3.468;5.596;1.392;7.114;701;917;1.014;377;1.292;;;349;458;;;8.584;1.383;2.317;1.102;161;10.241;1.948;759;;1.936.284;17.585;28.958;4.656;67.062;623;2.267;2.016;112.578;5.570;404;255;1.172;1.915;7.171;3.038;1.626;7.074;698;449;137;7.720;3.592;767;383;526;8.929;1.630;24.537;30.071;1.367;1.486;20.156;;228;2.149;42.981;2.125;11.670;645;96.088;3.230;17.197;21.287;8.773;;;
